module.management_vpc.data.aws_availability_zones.available: Reading...
data.aws_caller_identity.current: Reading...
data.aws_ami.amazon_linux_2023: Reading...
data.aws_caller_identity.current: Read complete after 0s [id=700951986348]
module.management_vpc.data.aws_availability_zones.available: Read complete after 0s [id=eu-west-2]
data.aws_ami.amazon_linux_2023: Read complete after 1s [id=ami-0ce8fc9de96bb8809]

Terraform used the selected providers to generate the following execution
plan. Resource actions are indicated with the following symbols:
  + create

Terraform will perform the following actions:

  # aws_acm_certificate.alb will be created
  + resource "aws_acm_certificate" "alb" {
      + arn                       = (known after apply)
      + domain_name               = "api.privacyready.co.uk"
      + domain_validation_options = [
          + {
              + domain_name           = "*.privacyready.co.uk"
              + resource_record_name  = (known after apply)
              + resource_record_type  = (known after apply)
              + resource_record_value = (known after apply)
            },
          + {
              + domain_name           = "api.privacyready.co.uk"
              + resource_record_name  = (known after apply)
              + resource_record_type  = (known after apply)
              + resource_record_value = (known after apply)
            },
        ]
      + id                        = (known after apply)
      + key_algorithm             = (known after apply)
      + not_after                 = (known after apply)
      + not_before                = (known after apply)
      + pending_renewal           = (known after apply)
      + renewal_eligibility       = (known after apply)
      + renewal_summary           = (known after apply)
      + status                    = (known after apply)
      + subject_alternative_names = [
          + "*.privacyready.co.uk",
          + "api.privacyready.co.uk",
        ]
      + tags                      = {
          + "GDPR"      = "compliant"
          + "Layer"     = "persistent"
          + "ManagedBy" = "terraform"
          + "Project"   = "privacyready"
        }
      + tags_all                  = {
          + "GDPR"      = "compliant"
          + "Layer"     = "persistent"
          + "ManagedBy" = "terraform"
          + "Project"   = "privacyready"
        }
      + type                      = (known after apply)
      + validation_emails         = (known after apply)
      + validation_method         = "DNS"

      + options (known after apply)
    }

  # aws_acm_certificate.cloudfront will be created
  + resource "aws_acm_certificate" "cloudfront" {
      + arn                       = (known after apply)
      + domain_name               = "privacyready.co.uk"
      + domain_validation_options = [
          + {
              + domain_name           = "portal.privacyready.co.uk"
              + resource_record_name  = (known after apply)
              + resource_record_type  = (known after apply)
              + resource_record_value = (known after apply)
            },
          + {
              + domain_name           = "privacyready.co.uk"
              + resource_record_name  = (known after apply)
              + resource_record_type  = (known after apply)
              + resource_record_value = (known after apply)
            },
          + {
              + domain_name           = "www.privacyready.co.uk"
              + resource_record_name  = (known after apply)
              + resource_record_type  = (known after apply)
              + resource_record_value = (known after apply)
            },
        ]
      + id                        = (known after apply)
      + key_algorithm             = (known after apply)
      + not_after                 = (known after apply)
      + not_before                = (known after apply)
      + pending_renewal           = (known after apply)
      + renewal_eligibility       = (known after apply)
      + renewal_summary           = (known after apply)
      + status                    = (known after apply)
      + subject_alternative_names = [
          + "portal.privacyready.co.uk",
          + "privacyready.co.uk",
          + "www.privacyready.co.uk",
        ]
      + tags                      = {
          + "GDPR"      = "compliant"
          + "Layer"     = "persistent"
          + "ManagedBy" = "terraform"
          + "Project"   = "privacyready"
        }
      + tags_all                  = {
          + "GDPR"      = "compliant"
          + "Layer"     = "persistent"
          + "ManagedBy" = "terraform"
          + "Project"   = "privacyready"
        }
      + type                      = (known after apply)
      + validation_emails         = (known after apply)
      + validation_method         = "DNS"

      + options (known after apply)
    }

  # aws_acm_certificate_validation.alb will be created
  + resource "aws_acm_certificate_validation" "alb" {
      + certificate_arn         = (known after apply)
      + id                      = (known after apply)
      + validation_record_fqdns = (known after apply)
    }

  # aws_acm_certificate_validation.cloudfront will be created
  + resource "aws_acm_certificate_validation" "cloudfront" {
      + certificate_arn         = (known after apply)
      + id                      = (known after apply)
      + validation_record_fqdns = (known after apply)
    }

  # aws_cloudwatch_metric_alarm.health_check will be created
  + resource "aws_cloudwatch_metric_alarm" "health_check" {
      + actions_enabled                       = true
      + alarm_actions                         = (known after apply)
      + alarm_description                     = "Route 53 API Health Check Failed"
      + alarm_name                            = "privacyready-api-health-check-failed"
      + arn                                   = (known after apply)
      + comparison_operator                   = "LessThanThreshold"
      + dimensions                            = (known after apply)
      + evaluate_low_sample_count_percentiles = (known after apply)
      + evaluation_periods                    = 1
      + id                                    = (known after apply)
      + metric_name                           = "HealthCheckStatus"
      + namespace                             = "AWS/Route53"
      + period                                = 60
      + statistic                             = "Minimum"
      + tags_all                              = {
          + "Layer"     = "persistent"
          + "ManagedBy" = "terraform"
          + "Project"   = "privacyready"
        }
      + threshold                             = 1
      + treat_missing_data                    = "missing"
    }

  # aws_ec2_instance_connect_endpoint.management will be created
  + resource "aws_ec2_instance_connect_endpoint" "management" {
      + arn                   = (known after apply)
      + availability_zone     = (known after apply)
      + dns_name              = (known after apply)
      + fips_dns_name         = (known after apply)
      + id                    = (known after apply)
      + network_interface_ids = (known after apply)
      + owner_id              = (known after apply)
      + preserve_client_ip    = true
      + security_group_ids    = [
          + (known after apply),
        ]
      + subnet_id             = (known after apply)
      + tags                  = {
          + "GDPR"      = "compliant"
          + "Layer"     = "persistent"
          + "ManagedBy" = "terraform"
          + "Name"      = "privacyready-eice"
          + "Project"   = "privacyready"
        }
      + tags_all              = {
          + "GDPR"      = "compliant"
          + "Layer"     = "persistent"
          + "ManagedBy" = "terraform"
          + "Name"      = "privacyready-eice"
          + "Project"   = "privacyready"
        }
      + vpc_id                = (known after apply)
    }

  # aws_ec2_transit_gateway.main will be created
  + resource "aws_ec2_transit_gateway" "main" {
      + amazon_side_asn                    = 64512
      + arn                                = (known after apply)
      + association_default_route_table_id = (known after apply)
      + auto_accept_shared_attachments     = "disable"
      + default_route_table_association    = "enable"
      + default_route_table_propagation    = "enable"
      + description                        = "PrivacyReady Inter-VPC Transit Gateway"
      + dns_support                        = "enable"
      + id                                 = (known after apply)
      + multicast_support                  = "disable"
      + owner_id                           = (known after apply)
      + propagation_default_route_table_id = (known after apply)
      + security_group_referencing_support = "disable"
      + tags                               = {
          + "GDPR"      = "compliant"
          + "Layer"     = "persistent"
          + "ManagedBy" = "terraform"
          + "Name"      = "privacyready-tgw"
          + "Project"   = "privacyready"
        }
      + tags_all                           = {
          + "GDPR"      = "compliant"
          + "Layer"     = "persistent"
          + "ManagedBy" = "terraform"
          + "Name"      = "privacyready-tgw"
          + "Project"   = "privacyready"
        }
      + vpn_ecmp_support                   = "enable"
    }

  # aws_ec2_transit_gateway_vpc_attachment.management will be created
  + resource "aws_ec2_transit_gateway_vpc_attachment" "management" {
      + appliance_mode_support                          = "disable"
      + arn                                             = (known after apply)
      + dns_support                                     = "enable"
      + id                                              = (known after apply)
      + ipv6_support                                    = "disable"
      + security_group_referencing_support              = (known after apply)
      + subnet_ids                                      = (known after apply)
      + tags                                            = {
          + "GDPR"      = "compliant"
          + "Layer"     = "persistent"
          + "ManagedBy" = "terraform"
          + "Name"      = "privacyready-management-tgw-attachment"
          + "Project"   = "privacyready"
        }
      + tags_all                                        = {
          + "GDPR"      = "compliant"
          + "Layer"     = "persistent"
          + "ManagedBy" = "terraform"
          + "Name"      = "privacyready-management-tgw-attachment"
          + "Project"   = "privacyready"
        }
      + transit_gateway_default_route_table_association = (known after apply)
      + transit_gateway_default_route_table_propagation = (known after apply)
      + transit_gateway_id                              = (known after apply)
      + vpc_id                                          = (known after apply)
      + vpc_owner_id                                    = (known after apply)
    }

  # aws_ecr_lifecycle_policy.app will be created
  + resource "aws_ecr_lifecycle_policy" "app" {
      + id          = (known after apply)
      + policy      = jsonencode(
            {
              + rules = [
                  + {
                      + action       = {
                          + type = "expire"
                        }
                      + description  = "Keep last 30 images"
                      + rulePriority = 1
                      + selection    = {
                          + countNumber = 30
                          + countType   = "imageCountMoreThan"
                          + tagStatus   = "any"
                        }
                    },
                ]
            }
        )
      + registry_id = (known after apply)
      + repository  = "privacyready-api"
    }

  # aws_ecr_lifecycle_policy.dsr will be created
  + resource "aws_ecr_lifecycle_policy" "dsr" {
      + id          = (known after apply)
      + policy      = jsonencode(
            {
              + rules = [
                  + {
                      + action       = {
                          + type = "expire"
                        }
                      + description  = "Keep last 30 images"
                      + rulePriority = 1
                      + selection    = {
                          + countNumber = 30
                          + countType   = "imageCountMoreThan"
                          + tagStatus   = "any"
                        }
                    },
                ]
            }
        )
      + registry_id = (known after apply)
      + repository  = "privacyready-dsr"
    }

  # aws_ecr_lifecycle_policy.scanner will be created
  + resource "aws_ecr_lifecycle_policy" "scanner" {
      + id          = (known after apply)
      + policy      = jsonencode(
            {
              + rules = [
                  + {
                      + action       = {
                          + type = "expire"
                        }
                      + description  = "Keep last 30 images"
                      + rulePriority = 1
                      + selection    = {
                          + countNumber = 30
                          + countType   = "imageCountMoreThan"
                          + tagStatus   = "any"
                        }
                    },
                ]
            }
        )
      + registry_id = (known after apply)
      + repository  = "privacyready-scanner"
    }

  # aws_ecr_repository.app will be created
  + resource "aws_ecr_repository" "app" {
      + arn                  = (known after apply)
      + id                   = (known after apply)
      + image_tag_mutability = "MUTABLE"
      + name                 = "privacyready-api"
      + registry_id          = (known after apply)
      + repository_url       = (known after apply)
      + tags                 = {
          + "GDPR"      = "compliant"
          + "Layer"     = "persistent"
          + "ManagedBy" = "terraform"
          + "Name"      = "privacyready-api"
          + "Project"   = "privacyready"
        }
      + tags_all             = {
          + "GDPR"      = "compliant"
          + "Layer"     = "persistent"
          + "ManagedBy" = "terraform"
          + "Name"      = "privacyready-api"
          + "Project"   = "privacyready"
        }

      + encryption_configuration {
          + encryption_type = "KMS"
          + kms_key         = (known after apply)
        }

      + image_scanning_configuration {
          + scan_on_push = true
        }
    }

  # aws_ecr_repository.dsr will be created
  + resource "aws_ecr_repository" "dsr" {
      + arn                  = (known after apply)
      + id                   = (known after apply)
      + image_tag_mutability = "MUTABLE"
      + name                 = "privacyready-dsr"
      + registry_id          = (known after apply)
      + repository_url       = (known after apply)
      + tags                 = {
          + "GDPR"      = "compliant"
          + "Layer"     = "persistent"
          + "ManagedBy" = "terraform"
          + "Name"      = "privacyready-dsr"
          + "Project"   = "privacyready"
        }
      + tags_all             = {
          + "GDPR"      = "compliant"
          + "Layer"     = "persistent"
          + "ManagedBy" = "terraform"
          + "Name"      = "privacyready-dsr"
          + "Project"   = "privacyready"
        }

      + encryption_configuration {
          + encryption_type = "KMS"
          + kms_key         = (known after apply)
        }

      + image_scanning_configuration {
          + scan_on_push = true
        }
    }

  # aws_ecr_repository.scanner will be created
  + resource "aws_ecr_repository" "scanner" {
      + arn                  = (known after apply)
      + id                   = (known after apply)
      + image_tag_mutability = "MUTABLE"
      + name                 = "privacyready-scanner"
      + registry_id          = (known after apply)
      + repository_url       = (known after apply)
      + tags                 = {
          + "GDPR"      = "compliant"
          + "Layer"     = "persistent"
          + "ManagedBy" = "terraform"
          + "Name"      = "privacyready-scanner"
          + "Project"   = "privacyready"
        }
      + tags_all             = {
          + "GDPR"      = "compliant"
          + "Layer"     = "persistent"
          + "ManagedBy" = "terraform"
          + "Name"      = "privacyready-scanner"
          + "Project"   = "privacyready"
        }

      + encryption_configuration {
          + encryption_type = "KMS"
          + kms_key         = (known after apply)
        }

      + image_scanning_configuration {
          + scan_on_push = true
        }
    }

  # aws_elasticache_replication_group.gitlab[0] will be created
  + resource "aws_elasticache_replication_group" "gitlab" {
      + apply_immediately              = (known after apply)
      + arn                            = (known after apply)
      + at_rest_encryption_enabled     = "true"
      + auth_token                     = (sensitive value)
      + auth_token_update_strategy     = "ROTATE"
      + auto_minor_version_upgrade     = (known after apply)
      + automatic_failover_enabled     = false
      + cluster_enabled                = (known after apply)
      + cluster_mode                   = (known after apply)
      + configuration_endpoint_address = (known after apply)
      + data_tiering_enabled           = (known after apply)
      + description                    = "GitLab Redis standalone node"
      + engine                         = "redis"
      + engine_version                 = "7.0"
      + engine_version_actual          = (known after apply)
      + global_replication_group_id    = (known after apply)
      + id                             = (known after apply)
      + ip_discovery                   = (known after apply)
      + maintenance_window             = (known after apply)
      + member_clusters                = (known after apply)
      + multi_az_enabled               = false
      + network_type                   = (known after apply)
      + node_type                      = "cache.t4g.micro"
      + num_cache_clusters             = 1
      + num_node_groups                = (known after apply)
      + parameter_group_name           = (known after apply)
      + preferred_cache_cluster_azs    = [
          + "eu-west-2a",
        ]
      + primary_endpoint_address       = (known after apply)
      + reader_endpoint_address        = (known after apply)
      + replicas_per_node_group        = (known after apply)
      + replication_group_id           = "privacyready-gitlab-redis"
      + security_group_ids             = (known after apply)
      + security_group_names           = (known after apply)
      + snapshot_window                = (known after apply)
      + subnet_group_name              = "privacyready-gitlab-cache-subnet"
      + tags                           = {
          + "GDPR"      = "compliant"
          + "Layer"     = "persistent"
          + "ManagedBy" = "terraform"
          + "Project"   = "privacyready"
        }
      + tags_all                       = {
          + "GDPR"      = "compliant"
          + "Layer"     = "persistent"
          + "ManagedBy" = "terraform"
          + "Project"   = "privacyready"
        }
      + transit_encryption_enabled     = true
      + transit_encryption_mode        = (known after apply)
    }

  # aws_elasticache_subnet_group.gitlab[0] will be created
  + resource "aws_elasticache_subnet_group" "gitlab" {
      + arn         = (known after apply)
      + description = "Managed by Terraform"
      + id          = (known after apply)
      + name        = "privacyready-gitlab-cache-subnet"
      + subnet_ids  = (known after apply)
      + tags_all    = {
          + "Layer"     = "persistent"
          + "ManagedBy" = "terraform"
          + "Project"   = "privacyready"
        }
      + vpc_id      = (known after apply)
    }

  # aws_iam_access_key.gitlab_ci will be created
  + resource "aws_iam_access_key" "gitlab_ci" {
      + create_date                    = (known after apply)
      + encrypted_secret               = (known after apply)
      + encrypted_ses_smtp_password_v4 = (known after apply)
      + id                             = (known after apply)
      + key_fingerprint                = (known after apply)
      + secret                         = (sensitive value)
      + ses_smtp_password_v4           = (sensitive value)
      + status                         = "Active"
      + user                           = "gitlab-ci-deployer"
    }

  # aws_iam_instance_profile.gitlab will be created
  + resource "aws_iam_instance_profile" "gitlab" {
      + arn         = (known after apply)
      + create_date = (known after apply)
      + id          = (known after apply)
      + name        = "privacyready-gitlab-profile"
      + name_prefix = (known after apply)
      + path        = "/"
      + role        = "privacyready-gitlab-role"
      + tags_all    = {
          + "Layer"     = "persistent"
          + "ManagedBy" = "terraform"
          + "Project"   = "privacyready"
        }
      + unique_id   = (known after apply)
    }

  # aws_iam_instance_profile.gitlab_runner will be created
  + resource "aws_iam_instance_profile" "gitlab_runner" {
      + arn         = (known after apply)
      + create_date = (known after apply)
      + id          = (known after apply)
      + name        = "privacyready-gitlab-runner-profile"
      + name_prefix = (known after apply)
      + path        = "/"
      + role        = "privacyready-gitlab-runner-role"
      + tags_all    = {
          + "Layer"     = "persistent"
          + "ManagedBy" = "terraform"
          + "Project"   = "privacyready"
        }
      + unique_id   = (known after apply)
    }

  # aws_iam_policy.gitlab_ci will be created
  + resource "aws_iam_policy" "gitlab_ci" {
      + arn              = (known after apply)
      + attachment_count = (known after apply)
      + description      = "Strict least privilege policy for GitLab CI/CD deployments to environments/production"
      + id               = (known after apply)
      + name             = "privacyready-gitlab-ci-policy"
      + name_prefix      = (known after apply)
      + path             = "/"
      + policy           = (known after apply)
      + policy_id        = (known after apply)
      + tags_all         = {
          + "Layer"     = "persistent"
          + "ManagedBy" = "terraform"
          + "Project"   = "privacyready"
        }
    }

  # aws_iam_policy.gitlab_kms_secrets will be created
  + resource "aws_iam_policy" "gitlab_kms_secrets" {
      + arn              = (known after apply)
      + attachment_count = (known after apply)
      + id               = (known after apply)
      + name             = "privacyready-gitlab-kms-secrets"
      + name_prefix      = (known after apply)
      + path             = "/"
      + policy           = jsonencode(
            {
              + Statement = [
                  + {
                      + Action   = [
                          + "secretsmanager:GetSecretValue",
                          + "kms:Decrypt",
                        ]
                      + Effect   = "Allow"
                      + Resource = "*"
                    },
                ]
              + Version   = "2012-10-17"
            }
        )
      + policy_id        = (known after apply)
      + tags_all         = {
          + "Layer"     = "persistent"
          + "ManagedBy" = "terraform"
          + "Project"   = "privacyready"
        }
    }

  # aws_iam_policy.gitlab_runner_s3 will be created
  + resource "aws_iam_policy" "gitlab_runner_s3" {
      + arn              = (known after apply)
      + attachment_count = (known after apply)
      + id               = (known after apply)
      + name             = "privacyready-gitlab-runner-s3"
      + name_prefix      = (known after apply)
      + path             = "/"
      + policy           = (known after apply)
      + policy_id        = (known after apply)
      + tags_all         = {
          + "Layer"     = "persistent"
          + "ManagedBy" = "terraform"
          + "Project"   = "privacyready"
        }
    }

  # aws_iam_role.gitlab will be created
  + resource "aws_iam_role" "gitlab" {
      + arn                   = (known after apply)
      + assume_role_policy    = jsonencode(
            {
              + Statement = [
                  + {
                      + Action    = "sts:AssumeRole"
                      + Effect    = "Allow"
                      + Principal = {
                          + Service = "ec2.amazonaws.com"
                        }
                    },
                ]
              + Version   = "2012-10-17"
            }
        )
      + create_date           = (known after apply)
      + force_detach_policies = false
      + id                    = (known after apply)
      + managed_policy_arns   = (known after apply)
      + max_session_duration  = 3600
      + name                  = "privacyready-gitlab-role"
      + name_prefix           = (known after apply)
      + path                  = "/"
      + tags_all              = {
          + "Layer"     = "persistent"
          + "ManagedBy" = "terraform"
          + "Project"   = "privacyready"
        }
      + unique_id             = (known after apply)

      + inline_policy (known after apply)
    }

  # aws_iam_role.gitlab_runner will be created
  + resource "aws_iam_role" "gitlab_runner" {
      + arn                   = (known after apply)
      + assume_role_policy    = jsonencode(
            {
              + Statement = [
                  + {
                      + Action    = "sts:AssumeRole"
                      + Effect    = "Allow"
                      + Principal = {
                          + Service = "ec2.amazonaws.com"
                        }
                    },
                ]
              + Version   = "2012-10-17"
            }
        )
      + create_date           = (known after apply)
      + force_detach_policies = false
      + id                    = (known after apply)
      + managed_policy_arns   = (known after apply)
      + max_session_duration  = 3600
      + name                  = "privacyready-gitlab-runner-role"
      + name_prefix           = (known after apply)
      + path                  = "/"
      + tags_all              = {
          + "Layer"     = "persistent"
          + "ManagedBy" = "terraform"
          + "Project"   = "privacyready"
        }
      + unique_id             = (known after apply)

      + inline_policy (known after apply)
    }

  # aws_iam_role_policy_attachment.gitlab_kms_secrets will be created
  + resource "aws_iam_role_policy_attachment" "gitlab_kms_secrets" {
      + id         = (known after apply)
      + policy_arn = (known after apply)
      + role       = "privacyready-gitlab-role"
    }

  # aws_iam_role_policy_attachment.gitlab_runner_s3 will be created
  + resource "aws_iam_role_policy_attachment" "gitlab_runner_s3" {
      + id         = (known after apply)
      + policy_arn = (known after apply)
      + role       = "privacyready-gitlab-runner-role"
    }

  # aws_iam_role_policy_attachment.gitlab_ssm will be created
  + resource "aws_iam_role_policy_attachment" "gitlab_ssm" {
      + id         = (known after apply)
      + policy_arn = "arn:aws:iam::aws:policy/AmazonSSMManagedInstanceCore"
      + role       = "privacyready-gitlab-role"
    }

  # aws_iam_user.gitlab_ci will be created
  + resource "aws_iam_user" "gitlab_ci" {
      + arn           = (known after apply)
      + force_destroy = false
      + id            = (known after apply)
      + name          = "gitlab-ci-deployer"
      + path          = "/"
      + tags          = {
          + "GDPR"      = "compliant"
          + "Layer"     = "persistent"
          + "ManagedBy" = "terraform"
          + "Name"      = "gitlab-ci-deployer"
          + "Project"   = "privacyready"
        }
      + tags_all      = {
          + "GDPR"      = "compliant"
          + "Layer"     = "persistent"
          + "ManagedBy" = "terraform"
          + "Name"      = "gitlab-ci-deployer"
          + "Project"   = "privacyready"
        }
      + unique_id     = (known after apply)
    }

  # aws_iam_user_policy_attachment.gitlab_ci will be created
  + resource "aws_iam_user_policy_attachment" "gitlab_ci" {
      + id         = (known after apply)
      + policy_arn = (known after apply)
      + user       = "gitlab-ci-deployer"
    }

  # aws_instance.gitlab[0] will be created
  + resource "aws_instance" "gitlab" {
      + ami                                  = "ami-0ce8fc9de96bb8809"
      + arn                                  = (known after apply)
      + associate_public_ip_address          = (known after apply)
      + availability_zone                    = (known after apply)
      + cpu_core_count                       = (known after apply)
      + cpu_threads_per_core                 = (known after apply)
      + disable_api_stop                     = (known after apply)
      + disable_api_termination              = (known after apply)
      + ebs_optimized                        = (known after apply)
      + enable_primary_ipv6                  = (known after apply)
      + get_password_data                    = false
      + host_id                              = (known after apply)
      + host_resource_group_arn              = (known after apply)
      + iam_instance_profile                 = "privacyready-gitlab-profile"
      + id                                   = (known after apply)
      + instance_initiated_shutdown_behavior = (known after apply)
      + instance_lifecycle                   = (known after apply)
      + instance_state                       = (known after apply)
      + instance_type                        = "t3.micro"
      + ipv6_address_count                   = (known after apply)
      + ipv6_addresses                       = (known after apply)
      + key_name                             = "privacyready-gitlab-key"
      + monitoring                           = (known after apply)
      + outpost_arn                          = (known after apply)
      + password_data                        = (known after apply)
      + placement_group                      = (known after apply)
      + placement_partition_number           = (known after apply)
      + primary_network_interface_id         = (known after apply)
      + private_dns                          = (known after apply)
      + private_ip                           = (known after apply)
      + public_dns                           = (known after apply)
      + public_ip                            = (known after apply)
      + secondary_private_ips                = (known after apply)
      + security_groups                      = (known after apply)
      + source_dest_check                    = true
      + spot_instance_request_id             = (known after apply)
      + subnet_id                            = (known after apply)
      + tags                                 = {
          + "GDPR"      = "compliant"
          + "Layer"     = "persistent"
          + "ManagedBy" = "terraform"
          + "Name"      = "privacyready-gitlab-primary"
          + "Project"   = "privacyready"
        }
      + tags_all                             = {
          + "GDPR"      = "compliant"
          + "Layer"     = "persistent"
          + "ManagedBy" = "terraform"
          + "Name"      = "privacyready-gitlab-primary"
          + "Project"   = "privacyready"
        }
      + tenancy                              = (known after apply)
      + user_data                            = (known after apply)
      + user_data_base64                     = (known after apply)
      + user_data_replace_on_change          = false
      + vpc_security_group_ids               = (known after apply)

      + capacity_reservation_specification (known after apply)

      + cpu_options (known after apply)

      + ebs_block_device {
          + delete_on_termination = true
          + device_name           = "/dev/sdb"
          + encrypted             = true
          + iops                  = (known after apply)
          + kms_key_id            = (known after apply)
          + snapshot_id           = (known after apply)
          + tags_all              = (known after apply)
          + throughput            = (known after apply)
          + volume_id             = (known after apply)
          + volume_size           = 500
          + volume_type           = "gp3"
        }

      + enclave_options (known after apply)

      + ephemeral_block_device (known after apply)

      + instance_market_options (known after apply)

      + maintenance_options (known after apply)

      + metadata_options (known after apply)

      + network_interface (known after apply)

      + private_dns_name_options (known after apply)

      + root_block_device {
          + delete_on_termination = true
          + device_name           = (known after apply)
          + encrypted             = true
          + iops                  = (known after apply)
          + kms_key_id            = (known after apply)
          + tags_all              = (known after apply)
          + throughput            = (known after apply)
          + volume_id             = (known after apply)
          + volume_size           = 50
          + volume_type           = "gp3"
        }
    }

  # aws_instance.gitlab_runner[0] will be created
  + resource "aws_instance" "gitlab_runner" {
      + ami                                  = "ami-0ce8fc9de96bb8809"
      + arn                                  = (known after apply)
      + associate_public_ip_address          = (known after apply)
      + availability_zone                    = (known after apply)
      + cpu_core_count                       = (known after apply)
      + cpu_threads_per_core                 = (known after apply)
      + disable_api_stop                     = (known after apply)
      + disable_api_termination              = (known after apply)
      + ebs_optimized                        = (known after apply)
      + enable_primary_ipv6                  = (known after apply)
      + get_password_data                    = false
      + host_id                              = (known after apply)
      + host_resource_group_arn              = (known after apply)
      + iam_instance_profile                 = "privacyready-gitlab-runner-profile"
      + id                                   = (known after apply)
      + instance_initiated_shutdown_behavior = (known after apply)
      + instance_lifecycle                   = (known after apply)
      + instance_state                       = (known after apply)
      + instance_type                        = "t3.micro"
      + ipv6_address_count                   = (known after apply)
      + ipv6_addresses                       = (known after apply)
      + key_name                             = (known after apply)
      + monitoring                           = (known after apply)
      + outpost_arn                          = (known after apply)
      + password_data                        = (known after apply)
      + placement_group                      = (known after apply)
      + placement_partition_number           = (known after apply)
      + primary_network_interface_id         = (known after apply)
      + private_dns                          = (known after apply)
      + private_ip                           = (known after apply)
      + public_dns                           = (known after apply)
      + public_ip                            = (known after apply)
      + secondary_private_ips                = (known after apply)
      + security_groups                      = (known after apply)
      + source_dest_check                    = true
      + spot_instance_request_id             = (known after apply)
      + subnet_id                            = (known after apply)
      + tags                                 = {
          + "GDPR" = "compliant"
          + "Name" = "privacyready-gitlab-runner-1"
        }
      + tags_all                             = {
          + "GDPR"      = "compliant"
          + "Layer"     = "persistent"
          + "ManagedBy" = "terraform"
          + "Name"      = "privacyready-gitlab-runner-1"
          + "Project"   = "privacyready"
        }
      + tenancy                              = (known after apply)
      + user_data                            = "872f6e39e92d8116f46fdab7c8db7f5c53e1fa23"
      + user_data_base64                     = (known after apply)
      + user_data_replace_on_change          = false
      + vpc_security_group_ids               = (known after apply)

      + capacity_reservation_specification (known after apply)

      + cpu_options (known after apply)

      + ebs_block_device (known after apply)

      + enclave_options (known after apply)

      + ephemeral_block_device (known after apply)

      + instance_market_options (known after apply)

      + maintenance_options (known after apply)

      + metadata_options (known after apply)

      + network_interface (known after apply)

      + private_dns_name_options (known after apply)

      + root_block_device {
          + delete_on_termination = true
          + device_name           = (known after apply)
          + encrypted             = true
          + iops                  = (known after apply)
          + kms_key_id            = (known after apply)
          + tags_all              = (known after apply)
          + throughput            = (known after apply)
          + volume_id             = (known after apply)
          + volume_size           = 50
          + volume_type           = "gp3"
        }
    }

  # aws_instance.gitlab_runner[1] will be created
  + resource "aws_instance" "gitlab_runner" {
      + ami                                  = "ami-0ce8fc9de96bb8809"
      + arn                                  = (known after apply)
      + associate_public_ip_address          = (known after apply)
      + availability_zone                    = (known after apply)
      + cpu_core_count                       = (known after apply)
      + cpu_threads_per_core                 = (known after apply)
      + disable_api_stop                     = (known after apply)
      + disable_api_termination              = (known after apply)
      + ebs_optimized                        = (known after apply)
      + enable_primary_ipv6                  = (known after apply)
      + get_password_data                    = false
      + host_id                              = (known after apply)
      + host_resource_group_arn              = (known after apply)
      + iam_instance_profile                 = "privacyready-gitlab-runner-profile"
      + id                                   = (known after apply)
      + instance_initiated_shutdown_behavior = (known after apply)
      + instance_lifecycle                   = (known after apply)
      + instance_state                       = (known after apply)
      + instance_type                        = "t3.micro"
      + ipv6_address_count                   = (known after apply)
      + ipv6_addresses                       = (known after apply)
      + key_name                             = (known after apply)
      + monitoring                           = (known after apply)
      + outpost_arn                          = (known after apply)
      + password_data                        = (known after apply)
      + placement_group                      = (known after apply)
      + placement_partition_number           = (known after apply)
      + primary_network_interface_id         = (known after apply)
      + private_dns                          = (known after apply)
      + private_ip                           = (known after apply)
      + public_dns                           = (known after apply)
      + public_ip                            = (known after apply)
      + secondary_private_ips                = (known after apply)
      + security_groups                      = (known after apply)
      + source_dest_check                    = true
      + spot_instance_request_id             = (known after apply)
      + subnet_id                            = (known after apply)
      + tags                                 = {
          + "GDPR" = "compliant"
          + "Name" = "privacyready-gitlab-runner-2"
        }
      + tags_all                             = {
          + "GDPR"      = "compliant"
          + "Layer"     = "persistent"
          + "ManagedBy" = "terraform"
          + "Name"      = "privacyready-gitlab-runner-2"
          + "Project"   = "privacyready"
        }
      + tenancy                              = (known after apply)
      + user_data                            = "872f6e39e92d8116f46fdab7c8db7f5c53e1fa23"
      + user_data_base64                     = (known after apply)
      + user_data_replace_on_change          = false
      + vpc_security_group_ids               = (known after apply)

      + capacity_reservation_specification (known after apply)

      + cpu_options (known after apply)

      + ebs_block_device (known after apply)

      + enclave_options (known after apply)

      + ephemeral_block_device (known after apply)

      + instance_market_options (known after apply)

      + maintenance_options (known after apply)

      + metadata_options (known after apply)

      + network_interface (known after apply)

      + private_dns_name_options (known after apply)

      + root_block_device {
          + delete_on_termination = true
          + device_name           = (known after apply)
          + encrypted             = true
          + iops                  = (known after apply)
          + kms_key_id            = (known after apply)
          + tags_all              = (known after apply)
          + throughput            = (known after apply)
          + volume_id             = (known after apply)
          + volume_size           = 50
          + volume_type           = "gp3"
        }
    }

  # aws_key_pair.gitlab will be created
  + resource "aws_key_pair" "gitlab" {
      + arn             = (known after apply)
      + fingerprint     = (known after apply)
      + id              = (known after apply)
      + key_name        = "privacyready-gitlab-key"
      + key_name_prefix = (known after apply)
      + key_pair_id     = (known after apply)
      + key_type        = (known after apply)
      + public_key      = (known after apply)
      + tags_all        = {
          + "Layer"     = "persistent"
          + "ManagedBy" = "terraform"
          + "Project"   = "privacyready"
        }
    }

  # aws_kms_alias.gitlab will be created
  + resource "aws_kms_alias" "gitlab" {
      + arn            = (known after apply)
      + id             = (known after apply)
      + name           = "alias/privacyready-gitlab-gdpr"
      + name_prefix    = (known after apply)
      + target_key_arn = (known after apply)
      + target_key_id  = (known after apply)
    }

  # aws_kms_key.dnssec will be created
  + resource "aws_kms_key" "dnssec" {
      + arn                                = (known after apply)
      + bypass_policy_lockout_safety_check = false
      + customer_master_key_spec           = "ECC_NIST_P256"
      + deletion_window_in_days            = 7
      + description                        = (known after apply)
      + enable_key_rotation                = false
      + id                                 = (known after apply)
      + is_enabled                         = true
      + key_id                             = (known after apply)
      + key_usage                          = "SIGN_VERIFY"
      + multi_region                       = (known after apply)
      + policy                             = jsonencode(
            {
              + Statement = [
                  + {
                      + Action    = [
                          + "kms:DescribeKey",
                          + "kms:GetPublicKey",
                          + "kms:Sign",
                        ]
                      + Effect    = "Allow"
                      + Principal = {
                          + Service = "dnssec-route53.amazonaws.com"
                        }
                      + Resource  = "*"
                      + Sid       = "Allow Route 53 DNSSEC Service"
                    },
                  + {
                      + Action    = "kms:*"
                      + Effect    = "Allow"
                      + Principal = {
                          + AWS = "arn:aws:iam::700951986348:root"
                        }
                      + Resource  = "*"
                      + Sid       = "Enable IAM User Permissions"
                    },
                ]
              + Version   = "2012-10-17"
            }
        )
      + rotation_period_in_days            = (known after apply)
      + tags_all                           = (known after apply)
    }

  # aws_kms_key.gitlab will be created
  + resource "aws_kms_key" "gitlab" {
      + arn                                = (known after apply)
      + bypass_policy_lockout_safety_check = false
      + customer_master_key_spec           = "SYMMETRIC_DEFAULT"
      + deletion_window_in_days            = 30
      + description                        = "GitLab GDPR encryption key"
      + enable_key_rotation                = true
      + id                                 = (known after apply)
      + is_enabled                         = true
      + key_id                             = (known after apply)
      + key_usage                          = "ENCRYPT_DECRYPT"
      + multi_region                       = (known after apply)
      + policy                             = (known after apply)
      + rotation_period_in_days            = (known after apply)
      + tags                               = {
          + "GDPR"      = "compliant"
          + "Layer"     = "persistent"
          + "ManagedBy" = "terraform"
          + "Project"   = "privacyready"
          + "Purpose"   = "gitlab-encryption"
        }
      + tags_all                           = {
          + "GDPR"      = "compliant"
          + "Layer"     = "persistent"
          + "ManagedBy" = "terraform"
          + "Project"   = "privacyready"
          + "Purpose"   = "gitlab-encryption"
        }
    }

  # aws_lb.gitlab[0] will be created
  + resource "aws_lb" "gitlab" {
      + arn                                                          = (known after apply)
      + arn_suffix                                                   = (known after apply)
      + client_keep_alive                                            = 3600
      + desync_mitigation_mode                                       = "defensive"
      + dns_name                                                     = (known after apply)
      + drop_invalid_header_fields                                   = false
      + enable_deletion_protection                                   = false
      + enable_http2                                                 = true
      + enable_tls_version_and_cipher_suite_headers                  = false
      + enable_waf_fail_open                                         = false
      + enable_xff_client_port                                       = false
      + enable_zonal_shift                                           = false
      + enforce_security_group_inbound_rules_on_private_link_traffic = (known after apply)
      + id                                                           = (known after apply)
      + idle_timeout                                                 = 60
      + internal                                                     = false
      + ip_address_type                                              = (known after apply)
      + load_balancer_type                                           = "application"
      + name                                                         = "privacyready-gitlab-alb"
      + name_prefix                                                  = (known after apply)
      + preserve_host_header                                         = false
      + security_groups                                              = (known after apply)
      + subnets                                                      = (known after apply)
      + tags                                                         = {
          + "GDPR"      = "compliant"
          + "Layer"     = "persistent"
          + "ManagedBy" = "terraform"
          + "Name"      = "privacyready-gitlab-alb"
          + "Project"   = "privacyready"
        }
      + tags_all                                                     = {
          + "GDPR"      = "compliant"
          + "Layer"     = "persistent"
          + "ManagedBy" = "terraform"
          + "Name"      = "privacyready-gitlab-alb"
          + "Project"   = "privacyready"
        }
      + vpc_id                                                       = (known after apply)
      + xff_header_processing_mode                                   = "append"
      + zone_id                                                      = (known after apply)

      + subnet_mapping (known after apply)
    }

  # aws_lb_listener.gitlab_http[0] will be created
  + resource "aws_lb_listener" "gitlab_http" {
      + arn                                                                   = (known after apply)
      + id                                                                    = (known after apply)
      + load_balancer_arn                                                     = (known after apply)
      + port                                                                  = 80
      + protocol                                                              = "HTTP"
      + routing_http_request_x_amzn_mtls_clientcert_header_name               = (known after apply)
      + routing_http_request_x_amzn_mtls_clientcert_issuer_header_name        = (known after apply)
      + routing_http_request_x_amzn_mtls_clientcert_leaf_header_name          = (known after apply)
      + routing_http_request_x_amzn_mtls_clientcert_serial_number_header_name = (known after apply)
      + routing_http_request_x_amzn_mtls_clientcert_subject_header_name       = (known after apply)
      + routing_http_request_x_amzn_mtls_clientcert_validity_header_name      = (known after apply)
      + routing_http_request_x_amzn_tls_cipher_suite_header_name              = (known after apply)
      + routing_http_request_x_amzn_tls_version_header_name                   = (known after apply)
      + routing_http_response_access_control_allow_credentials_header_value   = (known after apply)
      + routing_http_response_access_control_allow_headers_header_value       = (known after apply)
      + routing_http_response_access_control_allow_methods_header_value       = (known after apply)
      + routing_http_response_access_control_allow_origin_header_value        = (known after apply)
      + routing_http_response_access_control_expose_headers_header_value      = (known after apply)
      + routing_http_response_access_control_max_age_header_value             = (known after apply)
      + routing_http_response_content_security_policy_header_value            = (known after apply)
      + routing_http_response_server_enabled                                  = (known after apply)
      + routing_http_response_strict_transport_security_header_value          = (known after apply)
      + routing_http_response_x_content_type_options_header_value             = (known after apply)
      + routing_http_response_x_frame_options_header_value                    = (known after apply)
      + ssl_policy                                                            = (known after apply)
      + tags                                                                  = {
          + "GDPR"      = "compliant"
          + "Layer"     = "persistent"
          + "ManagedBy" = "terraform"
          + "Name"      = "privacyready-gitlab-http-redirect"
          + "Project"   = "privacyready"
        }
      + tags_all                                                              = {
          + "GDPR"      = "compliant"
          + "Layer"     = "persistent"
          + "ManagedBy" = "terraform"
          + "Name"      = "privacyready-gitlab-http-redirect"
          + "Project"   = "privacyready"
        }
      + tcp_idle_timeout_seconds                                              = (known after apply)

      + default_action {
          + order = (known after apply)
          + type  = "redirect"

          + redirect {
              + host        = "#{host}"
              + path        = "/#{path}"
              + port        = "443"
              + protocol    = "HTTPS"
              + query       = "#{query}"
              + status_code = "HTTP_301"
            }
        }

      + mutual_authentication (known after apply)
    }

  # aws_lb_listener.gitlab_https[0] will be created
  + resource "aws_lb_listener" "gitlab_https" {
      + arn                                                                   = (known after apply)
      + certificate_arn                                                       = (known after apply)
      + id                                                                    = (known after apply)
      + load_balancer_arn                                                     = (known after apply)
      + port                                                                  = 443
      + protocol                                                              = "HTTPS"
      + routing_http_request_x_amzn_mtls_clientcert_header_name               = (known after apply)
      + routing_http_request_x_amzn_mtls_clientcert_issuer_header_name        = (known after apply)
      + routing_http_request_x_amzn_mtls_clientcert_leaf_header_name          = (known after apply)
      + routing_http_request_x_amzn_mtls_clientcert_serial_number_header_name = (known after apply)
      + routing_http_request_x_amzn_mtls_clientcert_subject_header_name       = (known after apply)
      + routing_http_request_x_amzn_mtls_clientcert_validity_header_name      = (known after apply)
      + routing_http_request_x_amzn_tls_cipher_suite_header_name              = (known after apply)
      + routing_http_request_x_amzn_tls_version_header_name                   = (known after apply)
      + routing_http_response_access_control_allow_credentials_header_value   = (known after apply)
      + routing_http_response_access_control_allow_headers_header_value       = (known after apply)
      + routing_http_response_access_control_allow_methods_header_value       = (known after apply)
      + routing_http_response_access_control_allow_origin_header_value        = (known after apply)
      + routing_http_response_access_control_expose_headers_header_value      = (known after apply)
      + routing_http_response_access_control_max_age_header_value             = (known after apply)
      + routing_http_response_content_security_policy_header_value            = (known after apply)
      + routing_http_response_server_enabled                                  = (known after apply)
      + routing_http_response_strict_transport_security_header_value          = (known after apply)
      + routing_http_response_x_content_type_options_header_value             = (known after apply)
      + routing_http_response_x_frame_options_header_value                    = (known after apply)
      + ssl_policy                                                            = "ELBSecurityPolicy-TLS13-1-2-2021-06"
      + tags                                                                  = {
          + "GDPR"      = "compliant"
          + "Layer"     = "persistent"
          + "ManagedBy" = "terraform"
          + "Name"      = "privacyready-gitlab-https-listener"
          + "Project"   = "privacyready"
        }
      + tags_all                                                              = {
          + "GDPR"      = "compliant"
          + "Layer"     = "persistent"
          + "ManagedBy" = "terraform"
          + "Name"      = "privacyready-gitlab-https-listener"
          + "Project"   = "privacyready"
        }
      + tcp_idle_timeout_seconds                                              = (known after apply)

      + default_action {
          + order            = (known after apply)
          + target_group_arn = (known after apply)
          + type             = "forward"
        }

      + mutual_authentication (known after apply)
    }

  # aws_lb_target_group.gitlab[0] will be created
  + resource "aws_lb_target_group" "gitlab" {
      + arn                                = (known after apply)
      + arn_suffix                         = (known after apply)
      + connection_termination             = (known after apply)
      + deregistration_delay               = "300"
      + id                                 = (known after apply)
      + ip_address_type                    = (known after apply)
      + lambda_multi_value_headers_enabled = false
      + load_balancer_arns                 = (known after apply)
      + load_balancing_algorithm_type      = (known after apply)
      + load_balancing_anomaly_mitigation  = (known after apply)
      + load_balancing_cross_zone_enabled  = (known after apply)
      + name                               = "privacyready-gitlab-tg"
      + name_prefix                        = (known after apply)
      + port                               = 80
      + preserve_client_ip                 = (known after apply)
      + protocol                           = "HTTP"
      + protocol_version                   = (known after apply)
      + proxy_protocol_v2                  = false
      + slow_start                         = 0
      + tags                               = {
          + "GDPR"      = "compliant"
          + "Layer"     = "persistent"
          + "ManagedBy" = "terraform"
          + "Name"      = "privacyready-gitlab-tg"
          + "Project"   = "privacyready"
        }
      + tags_all                           = {
          + "GDPR"      = "compliant"
          + "Layer"     = "persistent"
          + "ManagedBy" = "terraform"
          + "Name"      = "privacyready-gitlab-tg"
          + "Project"   = "privacyready"
        }
      + target_type                        = "instance"
      + vpc_id                             = (known after apply)

      + health_check {
          + enabled             = true
          + healthy_threshold   = 2
          + interval            = 30
          + matcher             = "200,301,302"
          + path                = "/users/sign_in"
          + port                = "traffic-port"
          + protocol            = "HTTP"
          + timeout             = 5
          + unhealthy_threshold = 3
        }

      + stickiness (known after apply)

      + target_failover (known after apply)

      + target_group_health (known after apply)

      + target_health_state (known after apply)
    }

  # aws_lb_target_group_attachment.gitlab[0] will be created
  + resource "aws_lb_target_group_attachment" "gitlab" {
      + id               = (known after apply)
      + port             = 80
      + target_group_arn = (known after apply)
      + target_id        = (known after apply)
    }

  # aws_route.management_to_production will be created
  + resource "aws_route" "management_to_production" {
      + destination_cidr_block = "10.0.0.0/16"
      + id                     = (known after apply)
      + instance_id            = (known after apply)
      + instance_owner_id      = (known after apply)
      + network_interface_id   = (known after apply)
      + origin                 = (known after apply)
      + route_table_id         = (known after apply)
      + state                  = (known after apply)
      + transit_gateway_id     = (known after apply)
    }

  # aws_route.management_to_staging will be created
  + resource "aws_route" "management_to_staging" {
      + destination_cidr_block = "10.1.0.0/16"
      + id                     = (known after apply)
      + instance_id            = (known after apply)
      + instance_owner_id      = (known after apply)
      + network_interface_id   = (known after apply)
      + origin                 = (known after apply)
      + route_table_id         = (known after apply)
      + state                  = (known after apply)
      + transit_gateway_id     = (known after apply)
    }

  # aws_route53_health_check.api will be created
  + resource "aws_route53_health_check" "api" {
      + arn               = (known after apply)
      + disabled          = false
      + enable_sni        = (known after apply)
      + failure_threshold = 3
      + fqdn              = "api.privacyready.co.uk"
      + id                = (known after apply)
      + measure_latency   = false
      + port              = 443
      + request_interval  = 30
      + resource_path     = "/health"
      + tags              = {
          + "Name" = "privacyready-api-health"
        }
      + tags_all          = {
          + "Layer"     = "persistent"
          + "ManagedBy" = "terraform"
          + "Name"      = "privacyready-api-health"
          + "Project"   = "privacyready"
        }
      + triggers          = (known after apply)
      + type              = "HTTPS"
    }

  # aws_route53_hosted_zone_dnssec.main will be created
  + resource "aws_route53_hosted_zone_dnssec" "main" {
      + hosted_zone_id = (known after apply)
      + id             = (known after apply)
      + signing_status = "SIGNING"
    }

  # aws_route53_key_signing_key.main will be created
  + resource "aws_route53_key_signing_key" "main" {
      + digest_algorithm_mnemonic  = (known after apply)
      + digest_algorithm_type      = (known after apply)
      + digest_value               = (known after apply)
      + dnskey_record              = (known after apply)
      + ds_record                  = (known after apply)
      + flag                       = (known after apply)
      + hosted_zone_id             = (known after apply)
      + id                         = (known after apply)
      + key_management_service_arn = (known after apply)
      + key_tag                    = (known after apply)
      + name                       = "privacyready-dnssec"
      + public_key                 = (known after apply)
      + signing_algorithm_mnemonic = (known after apply)
      + signing_algorithm_type     = (known after apply)
      + status                     = "ACTIVE"
    }

  # aws_route53_record.alb_cert_validation["*.privacyready.co.uk"] will be created
  + resource "aws_route53_record" "alb_cert_validation" {
      + allow_overwrite = true
      + fqdn            = (known after apply)
      + id              = (known after apply)
      + name            = (known after apply)
      + records         = (known after apply)
      + ttl             = 60
      + type            = (known after apply)
      + zone_id         = (known after apply)
    }

  # aws_route53_record.alb_cert_validation["api.privacyready.co.uk"] will be created
  + resource "aws_route53_record" "alb_cert_validation" {
      + allow_overwrite = true
      + fqdn            = (known after apply)
      + id              = (known after apply)
      + name            = (known after apply)
      + records         = (known after apply)
      + ttl             = 60
      + type            = (known after apply)
      + zone_id         = (known after apply)
    }

  # aws_route53_record.cloudfront_cert_validation["portal.privacyready.co.uk"] will be created
  + resource "aws_route53_record" "cloudfront_cert_validation" {
      + allow_overwrite = true
      + fqdn            = (known after apply)
      + id              = (known after apply)
      + name            = (known after apply)
      + records         = (known after apply)
      + ttl             = 60
      + type            = (known after apply)
      + zone_id         = (known after apply)
    }

  # aws_route53_record.cloudfront_cert_validation["privacyready.co.uk"] will be created
  + resource "aws_route53_record" "cloudfront_cert_validation" {
      + allow_overwrite = true
      + fqdn            = (known after apply)
      + id              = (known after apply)
      + name            = (known after apply)
      + records         = (known after apply)
      + ttl             = 60
      + type            = (known after apply)
      + zone_id         = (known after apply)
    }

  # aws_route53_record.cloudfront_cert_validation["www.privacyready.co.uk"] will be created
  + resource "aws_route53_record" "cloudfront_cert_validation" {
      + allow_overwrite = true
      + fqdn            = (known after apply)
      + id              = (known after apply)
      + name            = (known after apply)
      + records         = (known after apply)
      + ttl             = 60
      + type            = (known after apply)
      + zone_id         = (known after apply)
    }

  # aws_route53_record.gitlab[0] will be created
  + resource "aws_route53_record" "gitlab" {
      + allow_overwrite = (known after apply)
      + fqdn            = (known after apply)
      + id              = (known after apply)
      + name            = "gitlab.privacyready.co.uk"
      + type            = "A"
      + zone_id         = (known after apply)

      + alias {
          + evaluate_target_health = true
          + name                   = (known after apply)
          + zone_id                = (known after apply)
        }
    }

  # aws_route53_record.ses_mx will be created
  + resource "aws_route53_record" "ses_mx" {
      + allow_overwrite = (known after apply)
      + fqdn            = (known after apply)
      + id              = (known after apply)
      + name            = "privacyready.co.uk"
      + records         = [
          + "10 inbound-smtp.eu-west-2.amazonaws.com",
        ]
      + ttl             = 600
      + type            = "MX"
      + zone_id         = (known after apply)
    }

  # aws_route53_record.ses_verification will be created
  + resource "aws_route53_record" "ses_verification" {
      + allow_overwrite = (known after apply)
      + fqdn            = (known after apply)
      + id              = (known after apply)
      + name            = (known after apply)
      + records         = (known after apply)
      + ttl             = 600
      + type            = "TXT"
      + zone_id         = (known after apply)
    }

  # aws_route53_zone.main will be created
  + resource "aws_route53_zone" "main" {
      + arn                 = (known after apply)
      + comment             = "PrivacyReady public DNS zone"
      + force_destroy       = false
      + id                  = (known after apply)
      + name                = "privacyready.co.uk"
      + name_servers        = (known after apply)
      + primary_name_server = (known after apply)
      + tags                = {
          + "GDPR"      = "compliant"
          + "Layer"     = "persistent"
          + "ManagedBy" = "terraform"
          + "Project"   = "privacyready"
        }
      + tags_all            = {
          + "GDPR"      = "compliant"
          + "Layer"     = "persistent"
          + "ManagedBy" = "terraform"
          + "Project"   = "privacyready"
        }
      + zone_id             = (known after apply)
    }

  # aws_s3_bucket.gitlab_artifacts[0] will be created
  + resource "aws_s3_bucket" "gitlab_artifacts" {
      + acceleration_status         = (known after apply)
      + acl                         = (known after apply)
      + arn                         = (known after apply)
      + bucket                      = "privacyready-gitlab-artifacts-700951986348"
      + bucket_domain_name          = (known after apply)
      + bucket_prefix               = (known after apply)
      + bucket_regional_domain_name = (known after apply)
      + force_destroy               = false
      + hosted_zone_id              = (known after apply)
      + id                          = (known after apply)
      + object_lock_enabled         = (known after apply)
      + policy                      = (known after apply)
      + region                      = (known after apply)
      + request_payer               = (known after apply)
      + tags                        = {
          + "GDPR"      = "compliant"
          + "Layer"     = "persistent"
          + "ManagedBy" = "terraform"
          + "Project"   = "privacyready"
        }
      + tags_all                    = {
          + "GDPR"      = "compliant"
          + "Layer"     = "persistent"
          + "ManagedBy" = "terraform"
          + "Project"   = "privacyready"
        }
      + website_domain              = (known after apply)
      + website_endpoint            = (known after apply)

      + cors_rule (known after apply)

      + grant (known after apply)

      + lifecycle_rule (known after apply)

      + logging (known after apply)

      + object_lock_configuration (known after apply)

      + replication_configuration (known after apply)

      + server_side_encryption_configuration (known after apply)

      + versioning (known after apply)

      + website (known after apply)
    }

  # aws_s3_bucket.gitlab_runner_cache will be created
  + resource "aws_s3_bucket" "gitlab_runner_cache" {
      + acceleration_status         = (known after apply)
      + acl                         = (known after apply)
      + arn                         = (known after apply)
      + bucket                      = "privacyready-gitlab-runner-cache-700951986348"
      + bucket_domain_name          = (known after apply)
      + bucket_prefix               = (known after apply)
      + bucket_regional_domain_name = (known after apply)
      + force_destroy               = false
      + hosted_zone_id              = (known after apply)
      + id                          = (known after apply)
      + object_lock_enabled         = (known after apply)
      + policy                      = (known after apply)
      + region                      = (known after apply)
      + request_payer               = (known after apply)
      + tags                        = {
          + "GDPR" = "compliant"
        }
      + tags_all                    = {
          + "GDPR"      = "compliant"
          + "Layer"     = "persistent"
          + "ManagedBy" = "terraform"
          + "Project"   = "privacyready"
        }
      + website_domain              = (known after apply)
      + website_endpoint            = (known after apply)

      + cors_rule (known after apply)

      + grant (known after apply)

      + lifecycle_rule (known after apply)

      + logging (known after apply)

      + object_lock_configuration (known after apply)

      + replication_configuration (known after apply)

      + server_side_encryption_configuration (known after apply)

      + versioning (known after apply)

      + website (known after apply)
    }

  # aws_s3_bucket_lifecycle_configuration.gitlab_runner_cache will be created
  + resource "aws_s3_bucket_lifecycle_configuration" "gitlab_runner_cache" {
      + bucket                                 = (known after apply)
      + expected_bucket_owner                  = (known after apply)
      + id                                     = (known after apply)
      + transition_default_minimum_object_size = "all_storage_classes_128K"

      + rule {
          + id     = "expire-cache"
          + status = "Enabled"
            # (1 unchanged attribute hidden)

          + expiration {
              + days                         = 7
              + expired_object_delete_marker = false
            }

          + filter {
                # (1 unchanged attribute hidden)
            }
        }
    }

  # aws_s3_bucket_public_access_block.gitlab_artifacts[0] will be created
  + resource "aws_s3_bucket_public_access_block" "gitlab_artifacts" {
      + block_public_acls       = true
      + block_public_policy     = true
      + bucket                  = (known after apply)
      + id                      = (known after apply)
      + ignore_public_acls      = true
      + restrict_public_buckets = true
    }

  # aws_s3_bucket_server_side_encryption_configuration.gitlab_artifacts[0] will be created
  + resource "aws_s3_bucket_server_side_encryption_configuration" "gitlab_artifacts" {
      + bucket = (known after apply)
      + id     = (known after apply)

      + rule {
          + bucket_key_enabled = true

          + apply_server_side_encryption_by_default {
              + kms_master_key_id = (known after apply)
              + sse_algorithm     = "aws:kms"
            }
        }
    }

  # aws_s3_bucket_server_side_encryption_configuration.gitlab_runner_cache will be created
  + resource "aws_s3_bucket_server_side_encryption_configuration" "gitlab_runner_cache" {
      + bucket = (known after apply)
      + id     = (known after apply)

      + rule {
          + bucket_key_enabled = true

          + apply_server_side_encryption_by_default {
              + kms_master_key_id = (known after apply)
              + sse_algorithm     = "aws:kms"
            }
        }
    }

  # aws_s3_bucket_versioning.gitlab_artifacts[0] will be created
  + resource "aws_s3_bucket_versioning" "gitlab_artifacts" {
      + bucket = (known after apply)
      + id     = (known after apply)

      + versioning_configuration {
          + mfa_delete = (known after apply)
          + status     = "Enabled"
        }
    }

  # aws_secretsmanager_secret.gitlab_ci_credentials will be created
  + resource "aws_secretsmanager_secret" "gitlab_ci_credentials" {
      + arn                            = (known after apply)
      + description                    = "AWS Access Keys for the gitlab-ci-deployer IAM user"
      + force_overwrite_replica_secret = false
      + id                             = (known after apply)
      + name                           = "privacyready/gitlab/ci-credentials"
      + name_prefix                    = (known after apply)
      + policy                         = (known after apply)
      + recovery_window_in_days        = 0
      + tags                           = {
          + "GDPR"      = "compliant"
          + "Layer"     = "persistent"
          + "ManagedBy" = "terraform"
          + "Name"      = "gitlab-ci-credentials"
          + "Project"   = "privacyready"
        }
      + tags_all                       = {
          + "GDPR"      = "compliant"
          + "Layer"     = "persistent"
          + "ManagedBy" = "terraform"
          + "Name"      = "gitlab-ci-credentials"
          + "Project"   = "privacyready"
        }

      + replica (known after apply)
    }

  # aws_secretsmanager_secret.gitlab_redis_password[0] will be created
  + resource "aws_secretsmanager_secret" "gitlab_redis_password" {
      + arn                            = (known after apply)
      + force_overwrite_replica_secret = false
      + id                             = (known after apply)
      + name                           = "privacyready/gitlab/redis-password"
      + name_prefix                    = (known after apply)
      + policy                         = (known after apply)
      + recovery_window_in_days        = 7
      + tags_all                       = {
          + "Layer"     = "persistent"
          + "ManagedBy" = "terraform"
          + "Project"   = "privacyready"
        }

      + replica (known after apply)
    }

  # aws_secretsmanager_secret.gitlab_runner_token will be created
  + resource "aws_secretsmanager_secret" "gitlab_runner_token" {
      + arn                            = (known after apply)
      + force_overwrite_replica_secret = false
      + id                             = (known after apply)
      + name                           = "privacyready/gitlab/runner-token"
      + name_prefix                    = (known after apply)
      + policy                         = (known after apply)
      + recovery_window_in_days        = 7
      + tags_all                       = {
          + "Layer"     = "persistent"
          + "ManagedBy" = "terraform"
          + "Project"   = "privacyready"
        }

      + replica (known after apply)
    }

  # aws_secretsmanager_secret_version.gitlab_ci_credentials will be created
  + resource "aws_secretsmanager_secret_version" "gitlab_ci_credentials" {
      + arn                  = (known after apply)
      + has_secret_string_wo = (known after apply)
      + id                   = (known after apply)
      + secret_id            = (known after apply)
      + secret_string        = (sensitive value)
      + secret_string_wo     = (write-only attribute)
      + version_id           = (known after apply)
      + version_stages       = (known after apply)
    }

  # aws_secretsmanager_secret_version.gitlab_redis_password[0] will be created
  + resource "aws_secretsmanager_secret_version" "gitlab_redis_password" {
      + arn                  = (known after apply)
      + has_secret_string_wo = (known after apply)
      + id                   = (known after apply)
      + secret_id            = (known after apply)
      + secret_string        = (sensitive value)
      + secret_string_wo     = (write-only attribute)
      + version_id           = (known after apply)
      + version_stages       = (known after apply)
    }

  # aws_secretsmanager_secret_version.gitlab_runner_token will be created
  + resource "aws_secretsmanager_secret_version" "gitlab_runner_token" {
      + arn                  = (known after apply)
      + has_secret_string_wo = (known after apply)
      + id                   = (known after apply)
      + secret_id            = (known after apply)
      + secret_string        = (sensitive value)
      + secret_string_wo     = (write-only attribute)
      + version_id           = (known after apply)
      + version_stages       = (known after apply)
    }

  # aws_security_group.eice will be created
  + resource "aws_security_group" "eice" {
      + arn                    = (known after apply)
      + description            = "EC2 Instance Connect Endpoint SG"
      + egress                 = [
          + {
              + cidr_blocks      = [
                  + "10.2.0.0/16",
                ]
              + from_port        = 22
              + ipv6_cidr_blocks = []
              + prefix_list_ids  = []
              + protocol         = "tcp"
              + security_groups  = []
              + self             = false
              + to_port          = 22
                # (1 unchanged attribute hidden)
            },
        ]
      + id                     = (known after apply)
      + ingress                = (known after apply)
      + name                   = (known after apply)
      + name_prefix            = "privacyready-eice-"
      + owner_id               = (known after apply)
      + revoke_rules_on_delete = false
      + tags                   = {
          + "GDPR"      = "compliant"
          + "Layer"     = "persistent"
          + "ManagedBy" = "terraform"
          + "Name"      = "privacyready-eice-sg"
          + "Project"   = "privacyready"
        }
      + tags_all               = {
          + "GDPR"      = "compliant"
          + "Layer"     = "persistent"
          + "ManagedBy" = "terraform"
          + "Name"      = "privacyready-eice-sg"
          + "Project"   = "privacyready"
        }
      + vpc_id                 = (known after apply)
    }

  # aws_security_group.gitlab will be created
  + resource "aws_security_group" "gitlab" {
      + arn                    = (known after apply)
      + description            = "GitLab security group"
      + egress                 = [
          + {
              + cidr_blocks      = [
                  + "0.0.0.0/0",
                ]
              + from_port        = 0
              + ipv6_cidr_blocks = []
              + prefix_list_ids  = []
              + protocol         = "-1"
              + security_groups  = []
              + self             = false
              + to_port          = 0
                # (1 unchanged attribute hidden)
            },
        ]
      + id                     = (known after apply)
      + ingress                = [
          + {
              + cidr_blocks      = [
                  + "10.0.0.0/8",
                ]
              + from_port        = 80
              + ipv6_cidr_blocks = []
              + prefix_list_ids  = []
              + protocol         = "tcp"
              + security_groups  = []
              + self             = false
              + to_port          = 80
                # (1 unchanged attribute hidden)
            },
          + {
              + cidr_blocks      = [
                  + "10.0.0.0/8",
                ]
              + description      = "HTTPS from internal VPCs"
              + from_port        = 443
              + ipv6_cidr_blocks = []
              + prefix_list_ids  = []
              + protocol         = "tcp"
              + security_groups  = []
              + self             = false
              + to_port          = 443
            },
          + {
              + cidr_blocks      = [
                  + "10.0.0.0/8",
                ]
              + description      = "SSH from internal only"
              + from_port        = 22
              + ipv6_cidr_blocks = []
              + prefix_list_ids  = []
              + protocol         = "tcp"
              + security_groups  = []
              + self             = false
              + to_port          = 22
            },
        ]
      + name                   = (known after apply)
      + name_prefix            = "privacyready-gitlab-"
      + owner_id               = (known after apply)
      + revoke_rules_on_delete = false
      + tags                   = {
          + "GDPR"      = "compliant"
          + "Layer"     = "persistent"
          + "ManagedBy" = "terraform"
          + "Project"   = "privacyready"
        }
      + tags_all               = {
          + "GDPR"      = "compliant"
          + "Layer"     = "persistent"
          + "ManagedBy" = "terraform"
          + "Project"   = "privacyready"
        }
      + vpc_id                 = (known after apply)
    }

  # aws_security_group.gitlab_alb will be created
  + resource "aws_security_group" "gitlab_alb" {
      + arn                    = (known after apply)
      + description            = "GitLab ALB security group"
      + egress                 = [
          + {
              + cidr_blocks      = [
                  + "0.0.0.0/0",
                ]
              + from_port        = 0
              + ipv6_cidr_blocks = []
              + prefix_list_ids  = []
              + protocol         = "-1"
              + security_groups  = []
              + self             = false
              + to_port          = 0
                # (1 unchanged attribute hidden)
            },
        ]
      + id                     = (known after apply)
      + ingress                = [
          + {
              + cidr_blocks      = [
                  + "0.0.0.0/0",
                ]
              + description      = "HTTPS from Internet"
              + from_port        = 443
              + ipv6_cidr_blocks = []
              + prefix_list_ids  = []
              + protocol         = "tcp"
              + security_groups  = []
              + self             = false
              + to_port          = 443
            },
        ]
      + name                   = (known after apply)
      + name_prefix            = "privacyready-gitlab-alb-"
      + owner_id               = (known after apply)
      + revoke_rules_on_delete = false
      + tags                   = {
          + "GDPR"      = "compliant"
          + "Layer"     = "persistent"
          + "ManagedBy" = "terraform"
          + "Name"      = "privacyready-gitlab-alb-sg"
          + "Project"   = "privacyready"
        }
      + tags_all               = {
          + "GDPR"      = "compliant"
          + "Layer"     = "persistent"
          + "ManagedBy" = "terraform"
          + "Name"      = "privacyready-gitlab-alb-sg"
          + "Project"   = "privacyready"
        }
      + vpc_id                 = (known after apply)
    }

  # aws_security_group.gitlab_rds[0] will be created
  + resource "aws_security_group" "gitlab_rds" {
      + arn                    = (known after apply)
      + description            = "GitLab dedicated RDS security group"
      + egress                 = (known after apply)
      + id                     = (known after apply)
      + ingress                = [
          + {
              + cidr_blocks      = []
              + description      = "GitLab instance to its own RDS"
              + from_port        = 5432
              + ipv6_cidr_blocks = []
              + prefix_list_ids  = []
              + protocol         = "tcp"
              + security_groups  = (known after apply)
              + self             = false
              + to_port          = 5432
            },
        ]
      + name                   = (known after apply)
      + name_prefix            = "privacyready-gitlab-rds-"
      + owner_id               = (known after apply)
      + revoke_rules_on_delete = false
      + tags                   = {
          + "GDPR"      = "compliant"
          + "Layer"     = "persistent"
          + "ManagedBy" = "terraform"
          + "Name"      = "privacyready-gitlab-rds-sg"
          + "Project"   = "privacyready"
        }
      + tags_all               = {
          + "GDPR"      = "compliant"
          + "Layer"     = "persistent"
          + "ManagedBy" = "terraform"
          + "Name"      = "privacyready-gitlab-rds-sg"
          + "Project"   = "privacyready"
        }
      + vpc_id                 = (known after apply)
    }

  # aws_security_group.gitlab_redis[0] will be created
  + resource "aws_security_group" "gitlab_redis" {
      + arn                    = (known after apply)
      + description            = "Managed by Terraform"
      + egress                 = (known after apply)
      + id                     = (known after apply)
      + ingress                = [
          + {
              + cidr_blocks      = []
              + from_port        = 6379
              + ipv6_cidr_blocks = []
              + prefix_list_ids  = []
              + protocol         = "tcp"
              + security_groups  = (known after apply)
              + self             = false
              + to_port          = 6379
                # (1 unchanged attribute hidden)
            },
        ]
      + name                   = (known after apply)
      + name_prefix            = "privacyready-gitlab-redis-"
      + owner_id               = (known after apply)
      + revoke_rules_on_delete = false
      + tags_all               = {
          + "Layer"     = "persistent"
          + "ManagedBy" = "terraform"
          + "Project"   = "privacyready"
        }
      + vpc_id                 = (known after apply)
    }

  # aws_security_group.gitlab_runner will be created
  + resource "aws_security_group" "gitlab_runner" {
      + arn                    = (known after apply)
      + description            = "GitLab runner security group"
      + egress                 = [
          + {
              + cidr_blocks      = [
                  + "0.0.0.0/0",
                ]
              + from_port        = 0
              + ipv6_cidr_blocks = []
              + prefix_list_ids  = []
              + protocol         = "-1"
              + security_groups  = []
              + self             = false
              + to_port          = 0
                # (1 unchanged attribute hidden)
            },
        ]
      + id                     = (known after apply)
      + ingress                = (known after apply)
      + name                   = (known after apply)
      + name_prefix            = "privacyready-runner-"
      + owner_id               = (known after apply)
      + revoke_rules_on_delete = false
      + tags                   = {
          + "GDPR" = "compliant"
        }
      + tags_all               = {
          + "GDPR"      = "compliant"
          + "Layer"     = "persistent"
          + "ManagedBy" = "terraform"
          + "Project"   = "privacyready"
        }
      + vpc_id                 = (known after apply)
    }

  # aws_security_group_rule.gitlab_runner_ssh_from_eice will be created
  + resource "aws_security_group_rule" "gitlab_runner_ssh_from_eice" {
      + description              = "SSH from EICE"
      + from_port                = 22
      + id                       = (known after apply)
      + protocol                 = "tcp"
      + security_group_id        = (known after apply)
      + security_group_rule_id   = (known after apply)
      + self                     = false
      + source_security_group_id = (known after apply)
      + to_port                  = 22
      + type                     = "ingress"
    }

  # aws_security_group_rule.gitlab_ssh_from_eice will be created
  + resource "aws_security_group_rule" "gitlab_ssh_from_eice" {
      + description              = "SSH from EICE"
      + from_port                = 22
      + id                       = (known after apply)
      + protocol                 = "tcp"
      + security_group_id        = (known after apply)
      + security_group_rule_id   = (known after apply)
      + self                     = false
      + source_security_group_id = (known after apply)
      + to_port                  = 22
      + type                     = "ingress"
    }

  # aws_ses_active_receipt_rule_set.main will be created
  + resource "aws_ses_active_receipt_rule_set" "main" {
      + arn           = (known after apply)
      + id            = (known after apply)
      + rule_set_name = "privacyready-inbound-ruleset"
    }

  # aws_ses_domain_identity.main will be created
  + resource "aws_ses_domain_identity" "main" {
      + arn                = (known after apply)
      + domain             = "privacyready.co.uk"
      + id                 = (known after apply)
      + verification_token = (known after apply)
    }

  # aws_ses_receipt_rule.forward will be created
  + resource "aws_ses_receipt_rule" "forward" {
      + arn           = (known after apply)
      + enabled       = true
      + id            = (known after apply)
      + name          = "forward-to-sns"
      + recipients    = [
          + "hello@privacyready.co.uk",
          + "jobs@privacyready.co.uk",
          + "sales@privacyready.co.uk",
          + "security@privacyready.co.uk",
          + "support@privacyready.co.uk",
        ]
      + rule_set_name = "privacyready-inbound-ruleset"
      + scan_enabled  = true
      + tls_policy    = (known after apply)

      + sns_action {
          + encoding  = "UTF-8"
          + position  = 1
          + topic_arn = (known after apply)
        }
    }

  # aws_ses_receipt_rule_set.main will be created
  + resource "aws_ses_receipt_rule_set" "main" {
      + arn           = (known after apply)
      + id            = (known after apply)
      + rule_set_name = "privacyready-inbound-ruleset"
    }

  # aws_sns_topic.alerts will be created
  + resource "aws_sns_topic" "alerts" {
      + arn                         = (known after apply)
      + beginning_archive_time      = (known after apply)
      + content_based_deduplication = false
      + fifo_throughput_scope       = (known after apply)
      + fifo_topic                  = false
      + id                          = (known after apply)
      + name                        = "privacyready-alerts"
      + name_prefix                 = (known after apply)
      + owner                       = (known after apply)
      + policy                      = (known after apply)
      + signature_version           = (known after apply)
      + tags_all                    = {
          + "Layer"     = "persistent"
          + "ManagedBy" = "terraform"
          + "Project"   = "privacyready"
        }
      + tracing_config              = (known after apply)
    }

  # aws_sns_topic.email_forwarding will be created
  + resource "aws_sns_topic" "email_forwarding" {
      + arn                         = (known after apply)
      + beginning_archive_time      = (known after apply)
      + content_based_deduplication = false
      + fifo_throughput_scope       = (known after apply)
      + fifo_topic                  = false
      + id                          = (known after apply)
      + name                        = "privacyready-email-forwarding"
      + name_prefix                 = (known after apply)
      + owner                       = (known after apply)
      + policy                      = (known after apply)
      + signature_version           = (known after apply)
      + tags_all                    = {
          + "Layer"     = "persistent"
          + "ManagedBy" = "terraform"
          + "Project"   = "privacyready"
        }
      + tracing_config              = (known after apply)
    }

  # aws_sns_topic_policy.email_forwarding_policy will be created
  + resource "aws_sns_topic_policy" "email_forwarding_policy" {
      + arn    = (known after apply)
      + id     = (known after apply)
      + owner  = (known after apply)
      + policy = (known after apply)
    }

  # aws_sns_topic_subscription.alerts_email will be created
  + resource "aws_sns_topic_subscription" "alerts_email" {
      + arn                             = (known after apply)
      + confirmation_timeout_in_minutes = 1
      + confirmation_was_authenticated  = (known after apply)
      + endpoint                        = "alerts.privacyready@gmail.com"
      + endpoint_auto_confirms          = false
      + filter_policy_scope             = (known after apply)
      + id                              = (known after apply)
      + owner_id                        = (known after apply)
      + pending_confirmation            = (known after apply)
      + protocol                        = "email"
      + raw_message_delivery            = false
      + topic_arn                       = (known after apply)
    }

  # aws_sns_topic_subscription.all_privacyready will be created
  + resource "aws_sns_topic_subscription" "all_privacyready" {
      + arn                             = (known after apply)
      + confirmation_timeout_in_minutes = 1
      + confirmation_was_authenticated  = (known after apply)
      + endpoint                        = "all.privacyready@gmail.com"
      + endpoint_auto_confirms          = false
      + filter_policy_scope             = (known after apply)
      + id                              = (known after apply)
      + owner_id                        = (known after apply)
      + pending_confirmation            = (known after apply)
      + protocol                        = "email"
      + raw_message_delivery            = false
      + topic_arn                       = (known after apply)
    }

  # random_password.gitlab_redis[0] will be created
  + resource "random_password" "gitlab_redis" {
      + bcrypt_hash = (sensitive value)
      + id          = (known after apply)
      + length      = 32
      + lower       = true
      + min_lower   = 0
      + min_numeric = 0
      + min_special = 0
      + min_upper   = 0
      + number      = true
      + numeric     = true
      + result      = (sensitive value)
      + special     = false
      + upper       = true
    }

  # random_password.gitlab_runner_token will be created
  + resource "random_password" "gitlab_runner_token" {
      + bcrypt_hash = (sensitive value)
      + id          = (known after apply)
      + length      = 32
      + lower       = true
      + min_lower   = 0
      + min_numeric = 0
      + min_special = 0
      + min_upper   = 0
      + number      = true
      + numeric     = true
      + result      = (sensitive value)
      + special     = false
      + upper       = true
    }

  # tls_private_key.gitlab will be created
  + resource "tls_private_key" "gitlab" {
      + algorithm                     = "RSA"
      + ecdsa_curve                   = "P224"
      + id                            = (known after apply)
      + private_key_openssh           = (sensitive value)
      + private_key_pem               = (sensitive value)
      + private_key_pem_pkcs8         = (sensitive value)
      + public_key_fingerprint_md5    = (known after apply)
      + public_key_fingerprint_sha256 = (known after apply)
      + public_key_openssh            = (known after apply)
      + public_key_pem                = (known after apply)
      + rsa_bits                      = 4096
    }

  # module.gitlab_rds[0].aws_db_instance.this will be created
  + resource "aws_db_instance" "this" {
      + address                               = (known after apply)
      + allocated_storage                     = 20
      + apply_immediately                     = false
      + arn                                   = (known after apply)
      + auto_minor_version_upgrade            = true
      + availability_zone                     = (known after apply)
      + backup_retention_period               = 1
      + backup_target                         = (known after apply)
      + backup_window                         = "03:00-04:00"
      + ca_cert_identifier                    = (known after apply)
      + character_set_name                    = (known after apply)
      + copy_tags_to_snapshot                 = false
      + database_insights_mode                = (known after apply)
      + db_name                               = "gitlab"
      + db_subnet_group_name                  = "privacyready-gitlab-db-subnet"
      + dedicated_log_volume                  = false
      + delete_automated_backups              = true
      + deletion_protection                   = false
      + domain_fqdn                           = (known after apply)
      + endpoint                              = (known after apply)
      + engine                                = "postgres"
      + engine_lifecycle_support              = (known after apply)
      + engine_version                        = "15.13"
      + engine_version_actual                 = (known after apply)
      + hosted_zone_id                        = (known after apply)
      + id                                    = (known after apply)
      + identifier                            = "privacyready-gitlab-db"
      + identifier_prefix                     = (known after apply)
      + instance_class                        = "db.t3.micro"
      + iops                                  = (known after apply)
      + kms_key_id                            = (known after apply)
      + latest_restorable_time                = (known after apply)
      + license_model                         = (known after apply)
      + listener_endpoint                     = (known after apply)
      + maintenance_window                    = "mon:04:00-mon:05:00"
      + master_user_secret                    = (known after apply)
      + master_user_secret_kms_key_id         = (known after apply)
      + max_allocated_storage                 = 100
      + monitoring_interval                   = 0
      + monitoring_role_arn                   = (known after apply)
      + multi_az                              = false
      + nchar_character_set_name              = (known after apply)
      + network_type                          = (known after apply)
      + option_group_name                     = (known after apply)
      + parameter_group_name                  = (known after apply)
      + password                              = (sensitive value)
      + password_wo                           = (write-only attribute)
      + performance_insights_enabled          = false
      + performance_insights_kms_key_id       = (known after apply)
      + performance_insights_retention_period = (known after apply)
      + port                                  = (known after apply)
      + publicly_accessible                   = false
      + replica_mode                          = (known after apply)
      + replicas                              = (known after apply)
      + resource_id                           = (known after apply)
      + skip_final_snapshot                   = true
      + snapshot_identifier                   = (known after apply)
      + status                                = (known after apply)
      + storage_encrypted                     = true
      + storage_throughput                    = (known after apply)
      + storage_type                          = "gp3"
      + tags                                  = {
          + "GDPR"      = "compliant"
          + "Layer"     = "persistent"
          + "ManagedBy" = "terraform"
          + "Name"      = "privacyready-gitlab-db"
          + "Project"   = "privacyready"
        }
      + tags_all                              = {
          + "GDPR"      = "compliant"
          + "Layer"     = "persistent"
          + "ManagedBy" = "terraform"
          + "Name"      = "privacyready-gitlab-db"
          + "Project"   = "privacyready"
        }
      + timezone                              = (known after apply)
      + username                              = "gitlab_admin"
      + vpc_security_group_ids                = (known after apply)
    }

  # module.gitlab_rds[0].aws_db_subnet_group.this will be created
  + resource "aws_db_subnet_group" "this" {
      + arn                     = (known after apply)
      + description             = "Managed by Terraform"
      + id                      = (known after apply)
      + name                    = "privacyready-gitlab-db-subnet"
      + name_prefix             = (known after apply)
      + subnet_ids              = (known after apply)
      + supported_network_types = (known after apply)
      + tags                    = {
          + "GDPR"      = "compliant"
          + "Layer"     = "persistent"
          + "ManagedBy" = "terraform"
          + "Project"   = "privacyready"
        }
      + tags_all                = {
          + "GDPR"      = "compliant"
          + "Layer"     = "persistent"
          + "ManagedBy" = "terraform"
          + "Project"   = "privacyready"
        }
      + vpc_id                  = (known after apply)
    }

  # module.gitlab_rds[0].aws_secretsmanager_secret.db_password will be created
  + resource "aws_secretsmanager_secret" "db_password" {
      + arn                            = (known after apply)
      + description                    = "privacyready-gitlab database password"
      + force_overwrite_replica_secret = false
      + id                             = (known after apply)
      + name                           = "privacyready-gitlab/db-password"
      + name_prefix                    = (known after apply)
      + policy                         = (known after apply)
      + recovery_window_in_days        = 7
      + tags                           = {
          + "GDPR"      = "compliant"
          + "Layer"     = "persistent"
          + "ManagedBy" = "terraform"
          + "Name"      = "privacyready-gitlab-db-secret"
          + "Project"   = "privacyready"
        }
      + tags_all                       = {
          + "GDPR"      = "compliant"
          + "Layer"     = "persistent"
          + "ManagedBy" = "terraform"
          + "Name"      = "privacyready-gitlab-db-secret"
          + "Project"   = "privacyready"
        }

      + replica (known after apply)
    }

  # module.gitlab_rds[0].aws_secretsmanager_secret.jwt_secret will be created
  + resource "aws_secretsmanager_secret" "jwt_secret" {
      + arn                            = (known after apply)
      + description                    = "privacyready-gitlab API JWT signing secret"
      + force_overwrite_replica_secret = false
      + id                             = (known after apply)
      + name                           = "privacyready-gitlab/jwt-secret"
      + name_prefix                    = (known after apply)
      + policy                         = (known after apply)
      + recovery_window_in_days        = 7
      + tags                           = {
          + "GDPR"      = "compliant"
          + "Layer"     = "persistent"
          + "ManagedBy" = "terraform"
          + "Name"      = "privacyready-gitlab-jwt-secret"
          + "Project"   = "privacyready"
        }
      + tags_all                       = {
          + "GDPR"      = "compliant"
          + "Layer"     = "persistent"
          + "ManagedBy" = "terraform"
          + "Name"      = "privacyready-gitlab-jwt-secret"
          + "Project"   = "privacyready"
        }

      + replica (known after apply)
    }

  # module.gitlab_rds[0].aws_secretsmanager_secret_version.db_password will be created
  + resource "aws_secretsmanager_secret_version" "db_password" {
      + arn                  = (known after apply)
      + has_secret_string_wo = (known after apply)
      + id                   = (known after apply)
      + secret_id            = (known after apply)
      + secret_string        = (sensitive value)
      + secret_string_wo     = (write-only attribute)
      + version_id           = (known after apply)
      + version_stages       = (known after apply)
    }

  # module.gitlab_rds[0].aws_secretsmanager_secret_version.jwt_secret will be created
  + resource "aws_secretsmanager_secret_version" "jwt_secret" {
      + arn                  = (known after apply)
      + has_secret_string_wo = (known after apply)
      + id                   = (known after apply)
      + secret_id            = (known after apply)
      + secret_string        = (sensitive value)
      + secret_string_wo     = (write-only attribute)
      + version_id           = (known after apply)
      + version_stages       = (known after apply)
    }

  # module.gitlab_rds[0].random_password.db will be created
  + resource "random_password" "db" {
      + bcrypt_hash = (sensitive value)
      + id          = (known after apply)
      + length      = 32
      + lower       = true
      + min_lower   = 0
      + min_numeric = 0
      + min_special = 0
      + min_upper   = 0
      + number      = true
      + numeric     = true
      + result      = (sensitive value)
      + special     = false
      + upper       = true
    }

  # module.gitlab_rds[0].random_password.jwt will be created
  + resource "random_password" "jwt" {
      + bcrypt_hash = (sensitive value)
      + id          = (known after apply)
      + length      = 64
      + lower       = true
      + min_lower   = 0
      + min_numeric = 0
      + min_special = 0
      + min_upper   = 0
      + number      = true
      + numeric     = true
      + result      = (sensitive value)
      + special     = false
      + upper       = true
    }

  # module.management_vpc.aws_eip.nat will be created
  + resource "aws_eip" "nat" {
      + allocation_id        = (known after apply)
      + arn                  = (known after apply)
      + association_id       = (known after apply)
      + carrier_ip           = (known after apply)
      + customer_owned_ip    = (known after apply)
      + domain               = "vpc"
      + id                   = (known after apply)
      + instance             = (known after apply)
      + ipam_pool_id         = (known after apply)
      + network_border_group = (known after apply)
      + network_interface    = (known after apply)
      + private_dns          = (known after apply)
      + private_ip           = (known after apply)
      + ptr_record           = (known after apply)
      + public_dns           = (known after apply)
      + public_ip            = (known after apply)
      + public_ipv4_pool     = (known after apply)
      + tags                 = {
          + "Environment" = "management"
          + "GDPR"        = "compliant"
          + "Layer"       = "persistent"
          + "ManagedBy"   = "terraform"
          + "Name"        = "privacyready-management-nat-eip"
          + "Project"     = "privacyready"
        }
      + tags_all             = {
          + "Environment" = "management"
          + "GDPR"        = "compliant"
          + "Layer"       = "persistent"
          + "ManagedBy"   = "terraform"
          + "Name"        = "privacyready-management-nat-eip"
          + "Project"     = "privacyready"
        }
      + vpc                  = (known after apply)
    }

  # module.management_vpc.aws_internet_gateway.this will be created
  + resource "aws_internet_gateway" "this" {
      + arn      = (known after apply)
      + id       = (known after apply)
      + owner_id = (known after apply)
      + tags     = {
          + "Environment" = "management"
          + "GDPR"        = "compliant"
          + "Layer"       = "persistent"
          + "ManagedBy"   = "terraform"
          + "Name"        = "privacyready-management-igw"
          + "Project"     = "privacyready"
        }
      + tags_all = {
          + "Environment" = "management"
          + "GDPR"        = "compliant"
          + "Layer"       = "persistent"
          + "ManagedBy"   = "terraform"
          + "Name"        = "privacyready-management-igw"
          + "Project"     = "privacyready"
        }
      + vpc_id   = (known after apply)
    }

  # module.management_vpc.aws_nat_gateway.this will be created
  + resource "aws_nat_gateway" "this" {
      + allocation_id                      = (known after apply)
      + association_id                     = (known after apply)
      + connectivity_type                  = "public"
      + id                                 = (known after apply)
      + network_interface_id               = (known after apply)
      + private_ip                         = (known after apply)
      + public_ip                          = (known after apply)
      + secondary_private_ip_address_count = (known after apply)
      + secondary_private_ip_addresses     = (known after apply)
      + subnet_id                          = (known after apply)
      + tags                               = {
          + "Environment" = "management"
          + "GDPR"        = "compliant"
          + "Layer"       = "persistent"
          + "ManagedBy"   = "terraform"
          + "Name"        = "privacyready-management-nat"
          + "Project"     = "privacyready"
        }
      + tags_all                           = {
          + "Environment" = "management"
          + "GDPR"        = "compliant"
          + "Layer"       = "persistent"
          + "ManagedBy"   = "terraform"
          + "Name"        = "privacyready-management-nat"
          + "Project"     = "privacyready"
        }
    }

  # module.management_vpc.aws_route_table.private will be created
  + resource "aws_route_table" "private" {
      + arn              = (known after apply)
      + id               = (known after apply)
      + owner_id         = (known after apply)
      + propagating_vgws = (known after apply)
      + route            = [
          + {
              + cidr_block                 = "0.0.0.0/0"
              + nat_gateway_id             = (known after apply)
                # (11 unchanged attributes hidden)
            },
        ]
      + tags             = {
          + "Environment" = "management"
          + "GDPR"        = "compliant"
          + "Layer"       = "persistent"
          + "ManagedBy"   = "terraform"
          + "Name"        = "privacyready-management-private-rt"
          + "Project"     = "privacyready"
        }
      + tags_all         = {
          + "Environment" = "management"
          + "GDPR"        = "compliant"
          + "Layer"       = "persistent"
          + "ManagedBy"   = "terraform"
          + "Name"        = "privacyready-management-private-rt"
          + "Project"     = "privacyready"
        }
      + vpc_id           = (known after apply)
    }

  # module.management_vpc.aws_route_table.public will be created
  + resource "aws_route_table" "public" {
      + arn              = (known after apply)
      + id               = (known after apply)
      + owner_id         = (known after apply)
      + propagating_vgws = (known after apply)
      + route            = [
          + {
              + cidr_block                 = "0.0.0.0/0"
              + gateway_id                 = (known after apply)
                # (11 unchanged attributes hidden)
            },
        ]
      + tags             = {
          + "Environment" = "management"
          + "GDPR"        = "compliant"
          + "Layer"       = "persistent"
          + "ManagedBy"   = "terraform"
          + "Name"        = "privacyready-management-public-rt"
          + "Project"     = "privacyready"
        }
      + tags_all         = {
          + "Environment" = "management"
          + "GDPR"        = "compliant"
          + "Layer"       = "persistent"
          + "ManagedBy"   = "terraform"
          + "Name"        = "privacyready-management-public-rt"
          + "Project"     = "privacyready"
        }
      + vpc_id           = (known after apply)
    }

  # module.management_vpc.aws_route_table_association.private[0] will be created
  + resource "aws_route_table_association" "private" {
      + id             = (known after apply)
      + route_table_id = (known after apply)
      + subnet_id      = (known after apply)
    }

  # module.management_vpc.aws_route_table_association.private[1] will be created
  + resource "aws_route_table_association" "private" {
      + id             = (known after apply)
      + route_table_id = (known after apply)
      + subnet_id      = (known after apply)
    }

  # module.management_vpc.aws_route_table_association.public[0] will be created
  + resource "aws_route_table_association" "public" {
      + id             = (known after apply)
      + route_table_id = (known after apply)
      + subnet_id      = (known after apply)
    }

  # module.management_vpc.aws_route_table_association.public[1] will be created
  + resource "aws_route_table_association" "public" {
      + id             = (known after apply)
      + route_table_id = (known after apply)
      + subnet_id      = (known after apply)
    }

  # module.management_vpc.aws_subnet.private[0] will be created
  + resource "aws_subnet" "private" {
      + arn                                            = (known after apply)
      + assign_ipv6_address_on_creation                = false
      + availability_zone                              = "eu-west-2a"
      + availability_zone_id                           = (known after apply)
      + cidr_block                                     = "10.2.10.0/24"
      + enable_dns64                                   = false
      + enable_resource_name_dns_a_record_on_launch    = false
      + enable_resource_name_dns_aaaa_record_on_launch = false
      + id                                             = (known after apply)
      + ipv6_cidr_block_association_id                 = (known after apply)
      + ipv6_native                                    = false
      + map_public_ip_on_launch                        = false
      + owner_id                                       = (known after apply)
      + private_dns_hostname_type_on_launch            = (known after apply)
      + tags                                           = {
          + "Environment" = "management"
          + "GDPR"        = "compliant"
          + "Layer"       = "persistent"
          + "ManagedBy"   = "terraform"
          + "Name"        = "privacyready-management-private-1"
          + "Project"     = "privacyready"
          + "Type"        = "private"
        }
      + tags_all                                       = {
          + "Environment" = "management"
          + "GDPR"        = "compliant"
          + "Layer"       = "persistent"
          + "ManagedBy"   = "terraform"
          + "Name"        = "privacyready-management-private-1"
          + "Project"     = "privacyready"
          + "Type"        = "private"
        }
      + vpc_id                                         = (known after apply)
    }

  # module.management_vpc.aws_subnet.private[1] will be created
  + resource "aws_subnet" "private" {
      + arn                                            = (known after apply)
      + assign_ipv6_address_on_creation                = false
      + availability_zone                              = "eu-west-2b"
      + availability_zone_id                           = (known after apply)
      + cidr_block                                     = "10.2.11.0/24"
      + enable_dns64                                   = false
      + enable_resource_name_dns_a_record_on_launch    = false
      + enable_resource_name_dns_aaaa_record_on_launch = false
      + id                                             = (known after apply)
      + ipv6_cidr_block_association_id                 = (known after apply)
      + ipv6_native                                    = false
      + map_public_ip_on_launch                        = false
      + owner_id                                       = (known after apply)
      + private_dns_hostname_type_on_launch            = (known after apply)
      + tags                                           = {
          + "Environment" = "management"
          + "GDPR"        = "compliant"
          + "Layer"       = "persistent"
          + "ManagedBy"   = "terraform"
          + "Name"        = "privacyready-management-private-2"
          + "Project"     = "privacyready"
          + "Type"        = "private"
        }
      + tags_all                                       = {
          + "Environment" = "management"
          + "GDPR"        = "compliant"
          + "Layer"       = "persistent"
          + "ManagedBy"   = "terraform"
          + "Name"        = "privacyready-management-private-2"
          + "Project"     = "privacyready"
          + "Type"        = "private"
        }
      + vpc_id                                         = (known after apply)
    }

  # module.management_vpc.aws_subnet.public[0] will be created
  + resource "aws_subnet" "public" {
      + arn                                            = (known after apply)
      + assign_ipv6_address_on_creation                = false
      + availability_zone                              = "eu-west-2a"
      + availability_zone_id                           = (known after apply)
      + cidr_block                                     = "10.2.1.0/24"
      + enable_dns64                                   = false
      + enable_resource_name_dns_a_record_on_launch    = false
      + enable_resource_name_dns_aaaa_record_on_launch = false
      + id                                             = (known after apply)
      + ipv6_cidr_block_association_id                 = (known after apply)
      + ipv6_native                                    = false
      + map_public_ip_on_launch                        = true
      + owner_id                                       = (known after apply)
      + private_dns_hostname_type_on_launch            = (known after apply)
      + tags                                           = {
          + "Environment" = "management"
          + "GDPR"        = "compliant"
          + "Layer"       = "persistent"
          + "ManagedBy"   = "terraform"
          + "Name"        = "privacyready-management-public-1"
          + "Project"     = "privacyready"
          + "Type"        = "public"
        }
      + tags_all                                       = {
          + "Environment" = "management"
          + "GDPR"        = "compliant"
          + "Layer"       = "persistent"
          + "ManagedBy"   = "terraform"
          + "Name"        = "privacyready-management-public-1"
          + "Project"     = "privacyready"
          + "Type"        = "public"
        }
      + vpc_id                                         = (known after apply)
    }

  # module.management_vpc.aws_subnet.public[1] will be created
  + resource "aws_subnet" "public" {
      + arn                                            = (known after apply)
      + assign_ipv6_address_on_creation                = false
      + availability_zone                              = "eu-west-2b"
      + availability_zone_id                           = (known after apply)
      + cidr_block                                     = "10.2.2.0/24"
      + enable_dns64                                   = false
      + enable_resource_name_dns_a_record_on_launch    = false
      + enable_resource_name_dns_aaaa_record_on_launch = false
      + id                                             = (known after apply)
      + ipv6_cidr_block_association_id                 = (known after apply)
      + ipv6_native                                    = false
      + map_public_ip_on_launch                        = true
      + owner_id                                       = (known after apply)
      + private_dns_hostname_type_on_launch            = (known after apply)
      + tags                                           = {
          + "Environment" = "management"
          + "GDPR"        = "compliant"
          + "Layer"       = "persistent"
          + "ManagedBy"   = "terraform"
          + "Name"        = "privacyready-management-public-2"
          + "Project"     = "privacyready"
          + "Type"        = "public"
        }
      + tags_all                                       = {
          + "Environment" = "management"
          + "GDPR"        = "compliant"
          + "Layer"       = "persistent"
          + "ManagedBy"   = "terraform"
          + "Name"        = "privacyready-management-public-2"
          + "Project"     = "privacyready"
          + "Type"        = "public"
        }
      + vpc_id                                         = (known after apply)
    }

  # module.management_vpc.aws_vpc.this will be created
  + resource "aws_vpc" "this" {
      + arn                                  = (known after apply)
      + cidr_block                           = "10.2.0.0/16"
      + default_network_acl_id               = (known after apply)
      + default_route_table_id               = (known after apply)
      + default_security_group_id            = (known after apply)
      + dhcp_options_id                      = (known after apply)
      + enable_dns_hostnames                 = true
      + enable_dns_support                   = true
      + enable_network_address_usage_metrics = (known after apply)
      + id                                   = (known after apply)
      + instance_tenancy                     = "default"
      + ipv6_association_id                  = (known after apply)
      + ipv6_cidr_block                      = (known after apply)
      + ipv6_cidr_block_network_border_group = (known after apply)
      + main_route_table_id                  = (known after apply)
      + owner_id                             = (known after apply)
      + tags                                 = {
          + "Environment" = "management"
          + "GDPR"        = "compliant"
          + "Layer"       = "persistent"
          + "ManagedBy"   = "terraform"
          + "Name"        = "privacyready-management-vpc"
          + "Project"     = "privacyready"
        }
      + tags_all                             = {
          + "Environment" = "management"
          + "GDPR"        = "compliant"
          + "Layer"       = "persistent"
          + "ManagedBy"   = "terraform"
          + "Name"        = "privacyready-management-vpc"
          + "Project"     = "privacyready"
        }
    }

Plan: 110 to add, 0 to change, 0 to destroy.

Changes to Outputs:
  + alb_certificate_arn               = (known after apply)
  + alerts_sns_topic_arn              = (known after apply)
  + cloudfront_certificate_arn        = (known after apply)
  + domain_nameservers                = (known after apply)
  + ecr_app_url                       = (known after apply)
  + ecr_dsr_url                       = (known after apply)
  + ecr_scanner_url                   = (known after apply)
  + eice_security_group_id            = (known after apply)
  + management_private_route_table_id = (known after apply)
  + management_vpc_cidr               = "10.2.0.0/16"
  + management_vpc_id                 = (known after apply)
  + ses_domain_identity_arn           = (known after apply)
  + transit_gateway_id                = (known after apply)
  + zone_id                           = (known after apply)

─────────────────────────────────────────────────────────────────────────────

Note: You didn't use the -out option to save this plan, so Terraform can't
guarantee to take exactly these actions if you run "terraform apply" now.
